{
    "projections": [
        [152, 100],
        [459, 117],
        [613,182],
        [645,197],
        [1326,246]
    ],

    "latlngs": [
        [45.85661819574719, 6.887818383918978],
        [45.84789545041616, 6.874998898946409],
        [45.84071246178554, 6.869111271582504],
        [45.84163559460996, 6.86687837813972],
        [45.850953417918085, 6.831307411193848]
    ],

    "photographer_latlng": [45.93405957458578, 6.845223667218522],

    "xy": [],

    "photographer_xy": [],

    "picture": "photo.jpg" 
}
