{
    "projections": [
        [287, 257],
        [407, 275],
        [413, 341],
        [481, 126],
        [542, 157],
        [553, 244],
        [743, 282],
        [725, 198]
    ],

    "latlngs": [
        [45.901115299115034,6.826973245730001],
        [45.9101635771074,6.844547079195578],
        [45.90089131313338,6.8579581242700405],
        [45.93387090065396,6.83748722076416],
        [45.93553930408483,6.853452013125021],
        [45.92404732065667,6.863279626955587],
        [45.94744806409643,6.896882341494162],
        [45.90177296045902,6.892032907595236]
    ],

    "photographer_latlng": [45.8793106, 6.8874243],

    "xy": [
        [145, 441],
        [235, 507],
        [306, 437],
        [188, 702],
        [276, 708],
        [325, 614],
        [482, 456],
        [496, 772]
    ],

    "photographer_xy": [464, 276],

    "picture": "photo.jpg" 
}
