{
    "projections": [
        [226.09223300970874, 155.09708737864077],
        [292.71844660194176, 159.46601941747574],
        [423.7864077669903, 121.2378640776699],
        [684.8300970873786, 171.48058252427182],
        [763.4708737864078, 137.62135922330097],
        [782.0388349514562, 134.34466019417476]
    ],
        
    "latlngs": [
        [45.9690973349305, 7.001724527468283],
        [45.960267499146354, 7.02026395617922],
        [45.93527369723695, 6.9701385498046875],
        [45.88767504887633, 7.007010717012858],
        [45.90431438645071, 6.918940544128418],
        [45.902849521224994, 6.918939294770761]
    ],

    "picture": "photo.jpg",

    "photographer_latlng": [45.93384228835137, 6.837516922633106]
}