{
    "projections": [
        [1578, 1200],
        [1698, 1200],
        [1795, 1200],
        [1822, 1200],
        [2009, 1200],
        [2148, 1200],
        [2230, 1200],
        [2246, 1200]
    ],

    "latlngs": [
        [47.5616417, 12.3238219],
        [47.5586216, 12.3047467],
        [47.5609407, 12.273977],
        [47.5546868, 12.2912554],
        [47.6478753, 12.0971038],
        [47.6528517, 12.0833429],
        [47.6472724, 12.0870046],
        [47.675739,  12.0426313]
    ],

    "photographer_latlng": [47.6936172, 12.0120771],

    "xy": [
        [1826, 270],
        [1756, 228],
        [1629, 237],
        [1692, 168],
        [564, 960],
        [499, 994],
        [500, 965],
        [279, 1179]
    ],

    "photographer_xy": [118, 1334],

    "picture": "photo.jpg"
}
