{
    "projections": [
        [163, 314],
        [298, 439],
        [617, 269],
        [781, 423],
        [1068, 279],
        [1078, 291],
        [1251, 171],
        [1555, 259]
    ],

    "latlngs": [
        [40.71357339189967, -74.04457939331341], 
        [40.698034419784015, -74.04355919100264],
        [40.713005039978285, -74.03381594560251],
        [40.69837141372243, -74.0382265425586],  
        [40.74843545565188, -73.985665002613],   
        [40.76161217254816, -73.9718595848724],  
        [40.71299406191319, -74.01316988147168], 
        [40.70697390854156, -74.00967594592247]
    ],

    "photographer_latlng": [40.68735418994802, -74.04492787522534],

    "xy": [
        [315, 938],
        [326, 719],
        [430, 929],
        [382, 724],
        [940, 1425],
        [1086, 1610],
        [648, 929],
        [686, 844]
    ],

    "photographer_xy": [0, 0],

    "picture": "photo.jpg",

    "map": "map.png",

    "map_position": [
        [163, 314], [40.71357339189967, -74.04457939331341],
        [1251, 171], [40.71299406191319, -74.01316988147168]]
}
