{
    "projections": [
        [356,125],
        [450,155],
        [563,159],
        [659,162],
        [804,178],
        [923,205],
        [972,222]
    ],

    "latlngs": [
        [45.8793106, 6.8874243], 
        [45.8566202, 6.8878189], 
        [45.8479158, 6.8749911], 
        [45.8326218, 6.8651749], 
        [45.8428166, 6.8434424], 
        [45.8508455, 6.831278],  
        [45.8357347, 6.8184001]
    ],

    "photographer_latlng": [45.9338534, 6.837519],

    "xy": [
        [[553, 410],
         [560, 221],
         [488, 145],
         [424, 22],
         [298, 104],
         [226, 174],
         [153, 50]]
    ],

    "photographer_xy": [262, 865],

    "picture": "brevent.png"
}
