{
    "projections": [
        [273.42949407965557, 1072.0172228202368], 
        [1076.3573735199138, 1211.0157269469237], 
        [1614.536060279871, 885.3907427341227], 
        [2374.0624327233586, 1119.7588805166847], 
        [2534.64800861141, 1258.6437029063509], 
        [2881.860064585576, 1119.7573232326158]
    ],
        
    "latlngs": [
        [49.45109637566161, 11.078168211430697], 
        [49.4464875465524, 11.075275540351868], 
        [49.45535053814559, 11.075952867252434], 
        [49.438648851516646, 11.06079805368445], 
        [49.450122628192986, 11.069680835765018], 
        [49.42602870555069, 11.038981451165668]
    ],

    "picture": "nurnberg.jpg",

    "photographer_latlng": [49.45762585250813, 11.07690841278578]
}