{
    "projections": [
        [195, 176],
        [290, 187],
        [401, 186],
        [573, 152],
        [738, 166]
    ],

    "latlngs": [
        [45.9169134, 7.0246497],
        [45.8999213, 7.0040026],
        [45.8874995, 7.0069444],
        [45.8688259, 6.9879852],
        [45.8622473, 6.9518381]
    ],

    "photographer_latlng": [45.8793106, 6.8874243],

    "xy": [
        [1084, 511],
        [975, 384],
        [990, 294],
        [904, 155],
        [713, 107]
    ],

    "photographer_xy": [381, 233],

    "picture": "photo.jpg" 
}
