{
    "projections": [
        [564, 305],
        [1437, 1210],
        [1622, 1327],
        [1691, 633],
        [1800, 611],
        [2873, 434]
    ],

    "latlngs": [
        [47.6476271, 12.0365671],
        [47.6650528, 12.017313],
        [47.6735181, 12.0152408],
        [47.5686809, 12.0161495],
        [47.5395073, 12.0110591],
        [47.6357283, 12.0016263]
    ],

    "photographer_latlng": [47.6934477, 12.0122436],

    "xy": [
        [641, 1011],
         [750, 893],
         [769, 854],
         [647, 1507],
         [643, 1749],
         [833, 924]
    ],

    "photographer_xy": [801, 717],

    "picture": "photo2.jpg"
}
