{
    "projections": [
        [214.13024757804092, 430.32924738929194],
        [345.984404882586, 54.043299167167575], 
        [421.0193756727664, 444.81141683205414], 
        [485.0332320482408, 118.95873786407768], 
        [742.9089805825245, 312.5129186536874], 
        [900.0907359411415, 141.2518514062609]
    ], 
    
    "latlngs": [
        [45.913750908380784, 6.862550708737483], 
        [45.93385784254036, 6.837519407272339], 
        [45.916155153317064, 6.868935577135633], 
        [45.9355215011933, 6.853513716617656], 
        [45.9304523319865, 6.876424162633699], 
        [45.96032375176333, 6.886992500520437]
    ],

    "photographer_latlng": [45.901547056439256, 6.8848421206316806],

    "xy": [
        [176, 189], 
        [103, 274], 
        [194, 198], 
        [149, 281], 
        [216, 258], 
        [247, 384]
    ],

    "photographer_xy": [242, 134],

    "picture": "photo.jpg",

    "map": "map.png",

    "map_position": [
        [176, 189], [45.913750908380784, 6.862550708737483],
        [247, 384], [45.96032375176333, 6.886992500520437]
    ]
}
