{
    "projections": [
        [490.43702906350916, 1393.1852600282027],
        [616.3013993541442, 1388.8451093285257],
        [1349.7868675995694, 1423.1660929202671],
        [1683.978471474704, 1362.8026478463944],
        [1861.924650161464, 1375.8277717976318],
        [1922.686759956943, 1323.745963401507],
        [2217.817007534984, 1358.465611714855],
        [2430.4843918191605, 1427.9095801937567],
        [3033.7653390742735, 1310.7426414272325],
        [3085.8471474703983, 1262.9822963219592]
    ], 

    "latlngs": [
        [50.098498132268226, 8.653138875961304],
        [50.09877051109482, 8.655675548211157],
        [50.101220506149716, 8.664441007271826],
        [50.10841690278707, 8.654558537994275],
        [50.1100201020588, 8.655577777419934],
        [50.11230876411674, 8.652763366699219],
        [50.110406126654915, 8.662260052048486],
        [50.11136943419401, 8.664827173645424],
        [50.112443848705624, 8.672256659859142],
        [50.11102745218587, 8.6740670938079]
    ],

    "picture": "frankfurt.jpg",

    "photographer_latlng": [50.09150540799088, 8.690564332143218]
}

