{
    "projections": [
        [234.22330097087377, 94.66019417475728],
        [347.08737864077665, 101.94174757281553],
        [447.8155339805825, 98.3009708737864],
        [513.3495145631067, 117.7186918546665],
        [530.3398058252427, 108.00970873786407],
        [741.504854368932, 137.1359223300971],
        [805.8252427184466, 141.9902912621359]
    ],
        
    "latlngs": [
        [45.87973168349329, 6.887569427490234],
        [45.856781995500555, 6.887912750244141],
        [45.84793427349226, 6.875038146972656],
        [45.841595664378126, 6.866926478519],
        [45.838187332012254, 6.865231322421588],
        [45.85086374272244, 6.831264495849609],
        [45.83573645757603, 6.818389892578125]
    ],

    "picture": "photo.jpg",

    "photographer_latlng": [45.93384228835137, 6.837516922633106]
}